<?xml version="1.0"?>
<!--<!DOCTYPE metadata SYSTEM "http://www.esri.com/metadata/esriprof80.dtd">-->
<metadata xml:lang="en"><Esri><CreaDate>20081107</CreaDate><CreaTime>09294800</CreaTime><SyncOnce>FALSE</SyncOnce><SyncDate>20100430</SyncDate><SyncTime>17295900</SyncTime><ModDate>20100430</ModDate><ModTime>17295900</ModTime><DataProperties><lineage><Process Name="FeatureClassToFeatureClass_4" ToolSource="C:\Program Files\ArcGIS\ArcToolbox\Toolboxes\Conversion Tools.tbx\FeatureClassToFeatureClass" Date="20070823" Time="235121">FeatureClassToFeatureClass F:\GIS\Armenia-1.mdb\Marzes F:\GIS\Armenia.mdb\Armenia_General Marzes # "MarzID MarzID true true false 4 Long 0 0 ,First,#,F:\GIS\Armenia-1.mdb\Marzes,MarzID,-1,-1;MarzCenter Marz Center true true false 50 Text 0 0 ,First,#,F:\GIS\Armenia-1.mdb\Marzes,MarzCenter,-1,-1;Name_Eng Name (eng) true true false 50 Text 0 0 ,First,#,F:\GIS\Armenia-1.mdb\Marzes,Name_Eng,-1,-1;Name_Arm Name (arm) true true false 50 Text 0 0 ,First,#,F:\GIS\Armenia-1.mdb\Marzes,Name_Arm,-1,-1;Name_Rus Name (rus) true true false 50 Text 0 0 ,First,#,F:\GIS\Armenia-1.mdb\Marzes,Name_Rus,-1,-1;Total_Population__Present_ Total Population (de facto) true true false 50 Text 0 0 ,First,#,F:\GIS\Armenia-1.mdb\Marzes,Total_Population__Present_,-1,-1;Male_Population__Present_ Male Population (de facto) true true false 50 Text 0 0 ,First,#,F:\GIS\Armenia-1.mdb\Marzes,Male_Population__Present_,-1,-1;Female_Population__Present_ Female Population (de facto) true true false 50 Text 0 0 ,First,#,F:\GIS\Armenia-1.mdb\Marzes,Female_Population__Present_,-1,-1;Total_Population Total Population (de jure) true true false 50 Text 0 0 ,First,#,F:\GIS\Armenia-1.mdb\Marzes,Total_Population,-1,-1;Male_Population Male Population (de jure) true true false 50 Text 0 0 ,First,#,F:\GIS\Armenia-1.mdb\Marzes,Male_Population,-1,-1;Female_Population Female Population (de jure) true true false 50 Text 0 0 ,First,#,F:\GIS\Armenia-1.mdb\Marzes,Female_Population,-1,-1;Link Link true true false 50 Text 0 0 ,First,#,F:\GIS\Armenia-1.mdb\Marzes,Link,-1,-1;Shape_Length Shape_Length false true true 8 Double 0 0 ,First,#,F:\GIS\Armenia-1.mdb\Marzes,Shape_Length,-1,-1;Shape_Area Shape_Area false true true 8 Double 0 0 ,First,#,F:\GIS\Armenia-1.mdb\Marzes,Shape_Area,-1,-1" # F:\GIS\Armenia.mdb\Armenia_General\Marzes</Process><Process ToolSource="C:\Program Files\ArcGIS\ArcToolbox\Toolboxes\Data Management Tools.tbx\CopyFeatures" Date="20080902" Time="100023">CopyFeatures "D:\My Documents\Armenia.mdb\Administative\Marzes" "D:\My Documents\Armenia\Admin\Marzes.shp" # 0 0 0</Process><Process ToolSource="C:\Program Files\ArcGIS\ArcToolbox\Toolboxes\Data Management Tools.tbx\CopyFeatures" Date="20080902" Time="101005">CopyFeatures "D:\My Documents\Armenia\Administative\Marzes.shp" "D:\My Documents\Armenia\Armenia9.3.mdb\Administrative\Marzes" # 0 0 0</Process></lineage></DataProperties><MetaID>{0745634B-78B3-4458-9AB9-EB62924693A9}</MetaID></Esri><idinfo><native Sync="TRUE">Microsoft Windows XP Version 5.1 (Build 2600) Service Pack 2; ESRI ArcCatalog 9.2.6.1500</native><descript><langdata>English</langdata><abstract>Marz boundaries of Armenia derived from 1:100000 scale topo maps</abstract></descript><citation><citeinfo><origin>Project NOVA</origin><pubdate>20/04/2006</pubdate><title>Marz Boundaries of Armenia</title><ftname Sync="TRUE">Armenia_Marzes</ftname><geoform Sync="TRUE">vector digital data</geoform><onlink>http://www.nova.am</onlink></citeinfo></citation><timeperd><current>publication date</current><timeinfo><rngdates/></timeinfo></timeperd><status><progress>Complete</progress><update>None planned</update></status><spdom><bounding><westbc Sync="TRUE">43.443552</westbc><eastbc Sync="TRUE">46.685395</eastbc><northbc Sync="TRUE">41.301977</northbc><southbc Sync="TRUE">38.835430</southbc></bounding><lboundng><leftbc Sync="TRUE">369676.561200</leftbc><rightbc Sync="TRUE">641124.679800</rightbc><bottombc Sync="TRUE">4299770.253900</bottombc><topbc Sync="TRUE">4572280.266500</topbc></lboundng></spdom><keywords><theme><themekt>REQUIRED: Reference to a formally registered thesaurus or a similar authoritative source of theme keywords.</themekt><themekey>Marz boundary</themekey></theme><place><placekey>Armenia</placekey></place></keywords><natvform Sync="TRUE">Shapefile</natvform><ptcontac><cntinfo><cntorgp><cntorg>Project NOVA</cntorg><cntper>Harutyun Shahumyan</cntper></cntorgp><cntpos>MIS Officer</cntpos><cntaddr><addrtype>mailing and physical address</addrtype><address>7 Aygedzor St.</address><city>Yerevan</city><country>Armenia</country></cntaddr><cntvoice>(+37491) 434324</cntvoice><cntemail>sharut@gmail.com</cntemail></cntinfo></ptcontac><crossref><citeinfo><origin>Geocom, ltd</origin><pubdate>10/4/2004</pubdate></citeinfo></crossref></idinfo><dataIdInfo><envirDesc Sync="TRUE">Microsoft Windows XP Version 5.1 (Build 2600) Service Pack 2; ESRI ArcCatalog 9.2.6.1500</envirDesc><dataLang><languageCode Sync="TRUE" value="de"></languageCode></dataLang><idCitation><resTitle Sync="TRUE">Armenia_Marzes</resTitle><presForm><PresFormCd Sync="TRUE" value="005"></PresFormCd></presForm></idCitation><spatRpType><SpatRepTypCd Sync="TRUE" value="001"></SpatRepTypCd></spatRpType><geoBox esriExtentType="decdegrees"><westBL Sync="TRUE">43.443552</westBL><eastBL Sync="TRUE">46.685395</eastBL><northBL Sync="TRUE">41.301977</northBL><southBL Sync="TRUE">38.83543</southBL><exTypeCode Sync="TRUE">1</exTypeCode></geoBox><dataExt><geoEle><GeoBndBox esriExtentType="native"><westBL Sync="TRUE">369676.5612</westBL><eastBL Sync="TRUE">641124.6798</eastBL><northBL Sync="TRUE">4572280.2665</northBL><southBL Sync="TRUE">4299770.2539</southBL><exTypeCode Sync="TRUE">1</exTypeCode></GeoBndBox></geoEle></dataExt></dataIdInfo><metainfo><langmeta>English</langmeta><metstdn Sync="TRUE">FGDC Content Standards for Digital Geospatial Metadata</metstdn><metstdv Sync="TRUE">FGDC-STD-001-1998</metstdv><mettc Sync="TRUE">local time</mettc><metc><cntinfo><cntorgp><cntper>Harutyun Shahumyan</cntper><cntorg>Project NOVA</cntorg></cntorgp><cntaddr><addrtype>mailing and physical address</addrtype><city>Yerevan</city><country>Armenia</country></cntaddr><cntemail>sharut@gmail.com</cntemail></cntinfo></metc><metd Sync="TRUE">20100430</metd><metextns><onlink Sync="TRUE">http://www.esri.com/metadata/esriprof80.html</onlink><metprof Sync="TRUE">ESRI Metadata Profile</metprof></metextns></metainfo><mdLang><languageCode Sync="TRUE" value="de"></languageCode></mdLang><mdStanName Sync="TRUE">ISO 19115 Geographic Information - Metadata</mdStanName><mdStanVer Sync="TRUE">DIS_ESRI1.0</mdStanVer><mdChar><CharSetCd Sync="TRUE" value="004"></CharSetCd></mdChar><mdHrLv><ScopeCd Sync="TRUE" value="005"></ScopeCd></mdHrLv><mdHrLvName Sync="TRUE">dataset</mdHrLvName><distinfo><stdorder><digform><digtinfo><transize Sync="TRUE">0,145</transize><dssize Sync="TRUE">0,145</dssize></digtinfo></digform></stdorder><distrib><cntinfo><cntperp><cntper>Hayk Yeritsian</cntper><cntorg>Geocom, ltd</cntorg></cntperp><cntpos>GIS Analyst</cntpos><cntaddr><addrtype>mailing and physical address</addrtype><address>10 Abovyan St</address><city>Yerevan</city><postal>375001</postal><country>Armenia</country></cntaddr><cntvoice>(+37491) 336652</cntvoice><cntfax>(+37410) 543472</cntfax><cntemail>yeritsian@geocom.am</cntemail></cntinfo></distrib><resdesc Sync="TRUE">Downloadable Data</resdesc></distinfo><distInfo><distributor><distorTran><onLineSrc><orDesc Sync="TRUE">002</orDesc><linkage Sync="TRUE">file://\\GISADMIN\GISDATA\Vector Data\ACE Vector Database Armenia\Administrative\Armenia_Marzes.shp</linkage><protocol Sync="TRUE">Local Area Network</protocol></onLineSrc><transSize Sync="TRUE">0,145</transSize></distorTran><distorFormat><formatName Sync="TRUE">Shapefile</formatName></distorFormat></distributor></distInfo><spdoinfo><direct Sync="TRUE">Vector</direct><ptvctinf><esriterm Name="Armenia_Marzes"><efeatyp Sync="TRUE">Simple</efeatyp><efeageom Sync="TRUE">Polygon</efeageom><esritopo Sync="TRUE">FALSE</esritopo><efeacnt Sync="TRUE">11</efeacnt><spindex Sync="TRUE">TRUE</spindex><linrefer Sync="TRUE">FALSE</linrefer></esriterm><sdtsterm Name="Armenia_Marzes"><sdtstype Sync="TRUE">G-polygon</sdtstype><ptvctcnt Sync="TRUE">11</ptvctcnt></sdtsterm></ptvctinf></spdoinfo><spref><horizsys><cordsysn><geogcsn Sync="TRUE">GCS_WGS_1984</geogcsn><projcsn Sync="TRUE">WGS_1984_UTM_Zone_38N</projcsn></cordsysn><planar><planci><plance Sync="TRUE">coordinate pair</plance><plandu Sync="TRUE">meters</plandu><coordrep><absres Sync="TRUE">0.000000</absres><ordres Sync="TRUE">0.000000</ordres></coordrep></planci><gridsys><gridsysn Sync="TRUE">Universal Transverse Mercator</gridsysn><utm><utmzone Sync="TRUE">38</utmzone><transmer><sfctrmer Sync="TRUE">0.999600</sfctrmer><longcm Sync="TRUE">45.000000</longcm><latprjo Sync="TRUE">0.000000</latprjo><feast Sync="TRUE">500000.000000</feast><fnorth Sync="TRUE">0.000000</fnorth></transmer></utm></gridsys></planar><geodetic><horizdn Sync="TRUE">D_WGS_1984</horizdn><ellips Sync="TRUE">WGS_1984</ellips><semiaxis Sync="TRUE">6378137.000000</semiaxis><denflat Sync="TRUE">298.257224</denflat></geodetic></horizsys><vertdef><altsys><altenc Sync="TRUE">Explicit elevation coordinate included with horizontal coordinates</altenc><altres Sync="TRUE">0.000100</altres></altsys></vertdef></spref><refSysInfo><RefSystem><refSysID><identCode Sync="TRUE">WGS_1984_UTM_Zone_38N</identCode></refSysID></RefSystem></refSysInfo><spatRepInfo><VectSpatRep><topLvl><TopoLevCd Sync="TRUE" value="001"></TopoLevCd></topLvl><geometObjs Name="Armenia_Marzes"><geoObjTyp><GeoObjTypCd Sync="TRUE" value="001"></GeoObjTypCd></geoObjTyp><geoObjCnt Sync="TRUE">11</geoObjCnt></geometObjs></VectSpatRep></spatRepInfo><eainfo><detailed Name="Armenia_Marzes"><attr><attrlabl Sync="TRUE">Shape</attrlabl><attalias Sync="TRUE">Shape</attalias><attrtype Sync="TRUE">Geometry</attrtype><attwidth Sync="TRUE">0</attwidth><atprecis Sync="TRUE">0</atprecis><attscale Sync="TRUE">0</attscale><attrdef Sync="TRUE">Feature geometry.</attrdef><attrdefs Sync="TRUE">ESRI</attrdefs><attrdomv><udom Sync="TRUE">Coordinates defining the features.</udom></attrdomv></attr><attr><attrlabl Sync="TRUE">Shape_Area</attrlabl><attalias Sync="TRUE">Shape_Area</attalias><attrtype Sync="TRUE">Double</attrtype><attwidth Sync="TRUE">8</attwidth><attrdef Sync="TRUE">Area of feature in internal units squared.</attrdef><attrdefs Sync="TRUE">ESRI</attrdefs><attrdomv><udom Sync="TRUE">Positive real numbers that are automatically generated.</udom></attrdomv><atprecis Sync="TRUE">0</atprecis><attscale Sync="TRUE">0</attscale></attr><attr><attrlabl Sync="TRUE">OBJECTID</attrlabl><attalias Sync="TRUE">OBJECTID</attalias><attrtype Sync="TRUE">Number</attrtype><attwidth Sync="TRUE">9</attwidth><attrdef Sync="TRUE">Internal feature number.</attrdef><attrdefs Sync="TRUE">ESRI</attrdefs><attrdomv><udom Sync="TRUE">Sequential unique whole numbers that are automatically generated.</udom></attrdomv></attr><attr><attrlabl Sync="TRUE">MarzCenter</attrlabl><attalias Sync="TRUE">MarzCenter</attalias><attrtype Sync="TRUE">Number</attrtype><attwidth Sync="TRUE">9</attwidth></attr><attr><attrlabl Sync="TRUE">Name_Eng</attrlabl><attalias Sync="TRUE">Name_Eng</attalias><attrtype Sync="TRUE">String</attrtype><attwidth Sync="TRUE">50</attwidth></attr><attr><attrlabl Sync="TRUE">Name_Arm</attrlabl><attalias Sync="TRUE">Name_Arm</attalias><attrtype Sync="TRUE">String</attrtype><attwidth Sync="TRUE">50</attwidth></attr><attr><attrlabl Sync="TRUE">Name_Rus</attrlabl><attalias Sync="TRUE">Name_Rus</attalias><attrtype Sync="TRUE">String</attrtype><attwidth Sync="TRUE">50</attwidth></attr><enttyp><enttypl Sync="TRUE">Armenia_Marzes</enttypl><enttypt Sync="TRUE">Feature Class</enttypt><enttypc Sync="TRUE">11</enttypc></enttyp><attr><attrlabl Sync="TRUE">Link</attrlabl><attalias Sync="TRUE">Link</attalias><attrtype Sync="TRUE">String</attrtype><attwidth Sync="TRUE">50</attwidth></attr><attr><attrlabl Sync="TRUE">Total_Popu</attrlabl><attalias Sync="TRUE">Total_Popu</attalias><attrtype Sync="TRUE">String</attrtype><attwidth Sync="TRUE">50</attwidth></attr><attr><attrlabl Sync="TRUE">Male_Popul</attrlabl><attalias Sync="TRUE">Male_Popul</attalias><attrtype Sync="TRUE">String</attrtype><attwidth Sync="TRUE">50</attwidth></attr><attr><attrlabl Sync="TRUE">Female_Pop</attrlabl><attalias Sync="TRUE">Female_Pop</attalias><attrtype Sync="TRUE">String</attrtype><attwidth Sync="TRUE">50</attwidth></attr><attr><attrlabl Sync="TRUE">Total_Po_1</attrlabl><attalias Sync="TRUE">Total_Po_1</attalias><attrtype Sync="TRUE">String</attrtype><attwidth Sync="TRUE">50</attwidth></attr><attr><attrlabl Sync="TRUE">Male_Pop_1</attrlabl><attalias Sync="TRUE">Male_Pop_1</attalias><attrtype Sync="TRUE">String</attrtype><attwidth Sync="TRUE">50</attwidth></attr><attr><attrlabl Sync="TRUE">Female_P_1</attrlabl><attalias Sync="TRUE">Female_P_1</attalias><attrtype Sync="TRUE">String</attrtype><attwidth Sync="TRUE">50</attwidth></attr><attr><attrlabl Sync="TRUE">MarzID</attrlabl><attalias Sync="TRUE">MarzID</attalias><attrtype Sync="TRUE">String</attrtype><attwidth Sync="TRUE">50</attwidth></attr><attr><attrlabl Sync="TRUE">FID</attrlabl><attalias Sync="TRUE">FID</attalias><attrtype Sync="TRUE">Float</attrtype><attwidth Sync="TRUE">19</attwidth><attrdef Sync="TRUE">Internal feature number.</attrdef><attrdefs Sync="TRUE">ESRI</attrdefs><attrdomv><udom Sync="TRUE">Sequential unique whole numbers that are automatically generated.</udom></attrdomv><atnumdec Sync="TRUE">11</atnumdec></attr><attr><attrlabl Sync="TRUE">Shape_Leng</attrlabl><attalias Sync="TRUE">Shape_Leng</attalias><attrtype Sync="TRUE">Float</attrtype><attwidth Sync="TRUE">19</attwidth><atnumdec Sync="TRUE">11</atnumdec></attr><attr><attrlabl Sync="TRUE">Shape_Le_1</attrlabl><attalias Sync="TRUE">Shape_Le_1</attalias><attrtype Sync="TRUE">Float</attrtype><attwidth Sync="TRUE">19</attwidth><atnumdec Sync="TRUE">11</atnumdec></attr></detailed></eainfo><mdDateSt Sync="TRUE">20100430</mdDateSt><dataqual><lineage><srcinfo><srctime><srccurr>publication date</srccurr></srctime><srccite><citeinfo><origin>Arshavir Avagyan</origin><title>Topo Maps of USSR</title></citeinfo></srccite></srcinfo><procstep><procdesc Sync="TRUE">Dataset copied.</procdesc><date Sync="TRUE">20050915</date><time Sync="TRUE">18483700</time></procstep><procstep><procdesc Sync="TRUE">Dataset copied.</procdesc><srcused Sync="TRUE">\\HARUT\D$\Data\GIS\NOVA_gis\NOVAGeoDB.mdb</srcused><date Sync="TRUE">20070713</date><time Sync="TRUE">10584200</time></procstep><procstep><procdesc Sync="TRUE">Dataset copied.</procdesc><srcused Sync="TRUE">\\HARUT\D$\Data\GIS\Aram\Health Geodatabase 1..mdb</srcused><date Sync="TRUE">20070820</date><time Sync="TRUE">14574400</time></procstep><procstep><procdesc Sync="TRUE">Dataset copied.</procdesc><srcused Sync="TRUE">\\ROOM68_03\C\WaterAtlas\Armenia.mdb</srcused><date Sync="TRUE">20081107</date><time Sync="TRUE">09294800</time></procstep></lineage><logic>This Data was extracted From The "WATER RESOURCES ATLAS OF ARMENIA" in 2008, published by the State Water Cadastre, Yerevan, Armenia.  The project was sponsored by USAID.

This represents the most up-to-date information of its type available for Armenia.

This data was digitized from existing maps (mostly 1:50 000 and 1:100 000 scale) and updated with data collected in the field and checked by GPS and field crews.

All data is in WGS84, UTM Zone 38N, meters are the unit of measurement. Spatial data is inherent in each file.</logic></dataqual></metadata>
